{
  "BM25-Only": {
    "mean_f1": 0.0,
    "mean_precision": 0.0,
    "mean_recall": 0.0,
    "mrr": 0.0,
    "p50_latency_ms": 0.008999835699796677,
    "p95_latency_ms": 0.01944999676197765,
    "errors": 0
  }
}