{
  "ground_truth_type": "LLM (unbiased)",
  "evaluation_time_seconds": 15.611456871032715,
  "total_queries": 150,
  "gt_stats": {
    "queries_with_zero_relevant": 95,
    "avg_relevant_per_query": 6.966666666666667,
    "total_relevant_judgments": 1045
  },
  "results": {
    "bm25_only": {
      "precision@5": 0.22266666666666665,
      "recall@5": 0.0581840189650286,
      "f1@5": 0.08709961292596147,
      "mrr": 0.24044444444444446,
      "map": 0.051577127691442584,
      "latency_p50_ms": 24.786416674032807,
      "latency_p95_ms": 27.907837135717273
    },
    "vector_only": {
      "precision@5": 0.13333333333333333,
      "recall@5": 0.04027346585662143,
      "f1@5": 0.05685141647271037,
      "mrr": 0.16211111111111112,
      "map": 0.030570043895366876,
      "latency_p50_ms": 8.895312435925007,
      "latency_p95_ms": 19.322510529309483
    },
    "openclaw_hybrid": {
      "precision@5": 0.19733333333333333,
      "recall@5": 0.057460757608158004,
      "f1@5": 0.08325980536336526,
      "mrr": 0.2711111111111111,
      "map": 0.04799107872570022,
      "latency_p50_ms": 34.28227105177939,
      "latency_p95_ms": 37.83184336498379
    },
    "qmd_hybrid": {
      "precision@5": 0.188,
      "recall@5": 0.05156360151029742,
      "f1@5": 0.0756217944160681,
      "mrr": 0.22966666666666669,
      "map": 0.03682010567338101,
      "latency_p50_ms": 34.56312487833202,
      "latency_p95_ms": 38.44438556116074
    }
  }
}