{
  "ground_truth_type": "LLM (unbiased)",
  "evaluation_time_seconds": 0.006532907485961914,
  "results": {
    "totalreclaw_v02": {
      "precision@5": 0.0,
      "recall@5": 0.0,
      "f1@5": 0.0,
      "mrr": 0.0,
      "latency_p50_ms": 0.000500120222568512,
      "latency_p95_ms": 0.0009164679795503616
    },
    "totalreclaw_v05": {
      "precision@5": 0.0,
      "recall@5": 0.0,
      "f1@5": 0.0,
      "mrr": 0.0,
      "latency_p50_ms": 0.00045821070671081543,
      "latency_p95_ms": 0.0006707152351737008
    },
    "bm25_only": {
      "precision@5": 0.0,
      "recall@5": 0.0,
      "f1@5": 0.0,
      "mrr": 0.0,
      "latency_p50_ms": 0.000500120222568512,
      "latency_p95_ms": 0.0006664078682661057
    },
    "qmd_hybrid": {
      "precision@5": 0.0,
      "recall@5": 0.0,
      "f1@5": 0.0,
      "mrr": 0.0,
      "latency_p50_ms": 0.000500120222568512,
      "latency_p95_ms": 0.0006670830771327019
    }
  }
}