{
  "metadata": {
    "evaluation_type": "E2EE Complete Evaluation",
    "ground_truth_type": "LLM (unbiased)",
    "evaluation_time_seconds": 729.436126947403,
    "total_queries": 150,
    "total_documents": 1480,
    "top_k": 5
  },
  "ground_truth_stats": {
    "queries_with_zero_relevant": 95,
    "avg_relevant_per_query": 6.966666666666667,
    "total_relevant_judgments": 1045
  },
  "results": {
    "bm25_only": {
      "precision@5": 0.22266666666666665,
      "recall@5": 0.0581840189650286,
      "f1@5": 0.08709961292596147,
      "mrr": 0.24044444444444446,
      "map": 0.051577127691442584,
      "latency_p50_ms": 26.906478917226195,
      "latency_p95_ms": 31.09624362550676
    },
    "vector_only": {
      "precision@5": 0.13333333333333333,
      "recall@5": 0.04027346585662143,
      "f1@5": 0.05685141647271037,
      "mrr": 0.16211111111111112,
      "map": 0.030570043895366876,
      "latency_p50_ms": 8.588603930547833,
      "latency_p95_ms": 31.594824581406996
    },
    "openclaw_hybrid": {
      "precision@5": 0.19733333333333333,
      "recall@5": 0.057460757608158004,
      "f1@5": 0.08325980536336526,
      "mrr": 0.2711111111111111,
      "map": 0.04799107872570022,
      "latency_p50_ms": 36.84918745420873,
      "latency_p95_ms": 43.283112370409064
    },
    "qmd_hybrid": {
      "precision@5": 0.188,
      "recall@5": 0.05156360151029742,
      "f1@5": 0.0756217944160681,
      "mrr": 0.22966666666666669,
      "map": 0.03682010567338101,
      "latency_p50_ms": 37.02414594590664,
      "latency_p95_ms": 41.784654208458946
    },
    "totalreclaw_v02": {
      "precision@5": 0.16799999999999998,
      "recall@5": 0.05607145128741351,
      "f1@5": 0.07703784947077408,
      "mrr": 0.22777777777777777,
      "map": 0.05150123788406877,
      "latency_p50_ms": 2285.9570623841137,
      "latency_p95_ms": 2603.174504381604
    },
    "totalreclaw_v05": {
      "precision@5": 0.16799999999999998,
      "recall@5": 0.05607145128741351,
      "f1@5": 0.07703784947077408,
      "mrr": 0.22777777777777777,
      "map": 0.05150123788406877,
      "latency_p50_ms": 2357.8086248598993,
      "latency_p95_ms": 2726.188676361926
    }
  }
}