{
  "algorithm_name": "Vector-Only",
  "aggregate_metrics": {
    "precision_at_5": 0.08333333333333333,
    "recall_at_5": 0.16666666666666666,
    "f1_at_5": 0.1076388888888889,
    "mrr": 0.2621527777777778,
    "map": 0.13483796296296294,
    "ndcg_at_5": 0.27108040639881076,
    "latency": {
      "p50_ms": 11.39797898940742,
      "p95_ms": 60.63462716992944,
      "p99_ms": 179.01193557772808,
      "mean_ms": 28.644682257436216,
      "min_ms": 8.77408403903246,
      "max_ms": 278.86666683480144
    },
    "queries_evaluated": 48
  },
  "per_query_results": {
    "q1": {
      "query": "What is pici cacio e pepe and can pregnant women eat it?",
      "relevant_count": 3,
      "retrieved": [
        944,
        384,
        790,
        567,
        972
      ],
      "precision": 0.0,
      "recall": 0.0,
      "f1": 0.0,
      "ap": 0.0,
      "rr": 0.0,
      "ndcg": 0.0,
      "latency_ms": 278.86666683480144
    },
    "q2": {
      "query": "What documents did Vitor Martins send to Pedro in March 2025?",
      "relevant_count": 3,
      "retrieved": [
        413,
        426,
        456,
        422,
        438
      ],
      "precision": 0.0,
      "recall": 0.0,
      "f1": 0.0,
      "ap": 0.0,
      "rr": 0.0,
      "ndcg": 0.0,
      "latency_ms": 56.62799999117851
    },
    "q3": {
      "query": "What happened on the A1 highway near Vagos in February 2026?",
      "relevant_count": 3,
      "retrieved": [
        1005,
        3,
        47,
        759,
        85
      ],
      "precision": 0.0,
      "recall": 0.0,
      "f1": 0.0,
      "ap": 0.0,
      "rr": 0.0,
      "ndcg": 0.0,
      "latency_ms": 10.362290777266026
    },
    "q4": {
      "query": "What safety advice did Pedro's father give him about traveling?",
      "relevant_count": 3,
      "retrieved": [
        956,
        766,
        535,
        576,
        733
      ],
      "precision": 0.0,
      "recall": 0.0,
      "f1": 0.0,
      "ap": 0.0,
      "rr": 0.0,
      "ndcg": 0.0,
      "latency_ms": 51.87649978324771
    },
    "q5": {
      "query": "What was the funeral arrangement for Tio Pedro's friend's mother?",
      "relevant_count": 3,
      "retrieved": [
        994,
        766,
        979,
        667,
        829
      ],
      "precision": 0.0,
      "recall": 0.0,
      "f1": 0.0,
      "ap": 0.0,
      "rr": 0.0,
      "ndcg": 0.0,
      "latency_ms": 9.860167279839516
    },
    "q6": {
      "query": "What's the best way to cook sea bass with lemon and salt?",
      "relevant_count": 3,
      "retrieved": [
        224,
        163,
        95,
        911,
        96
      ],
      "precision": 0.0,
      "recall": 0.0,
      "f1": 0.0,
      "ap": 0.0,
      "rr": 0.0,
      "ndcg": 0.0,
      "latency_ms": 52.67787491902709
    },
    "q7": {
      "query": "How to access financial portal with NIF and password?",
      "relevant_count": 3,
      "retrieved": [
        39,
        237,
        128,
        43,
        241
      ],
      "precision": 0.4,
      "recall": 0.6666666666666666,
      "f1": 0.5,
      "ap": 0.5,
      "rr": 1.0,
      "ndcg": 0.75,
      "latency_ms": 37.432792130857706
    },
    "q8": {
      "query": "What's the weather like in Athens during summer?",
      "relevant_count": 0,
      "retrieved": [],
      "precision": 0.0,
      "recall": 0.0,
      "f1": 0.0,
      "ap": 0.0,
      "rr": 0.0,
      "ndcg": 0.0,
      "latency_ms": 0.0
    },
    "q9": {
      "query": "What are some good barbecue rubs to buy?",
      "relevant_count": 3,
      "retrieved": [
        600,
        501,
        262,
        538,
        100
      ],
      "precision": 0.2,
      "recall": 0.3333333333333333,
      "f1": 0.25,
      "ap": 0.16666666666666666,
      "rr": 0.5,
      "ndcg": 1.0,
      "latency_ms": 47.52779100090265
    },
    "q10": {
      "query": "What are some popular Greek islands to visit?",
      "relevant_count": 2,
      "retrieved": [
        552,
        676,
        803,
        876,
        675
      ],
      "precision": 0.0,
      "recall": 0.0,
      "f1": 0.0,
      "ap": 0.0,
      "rr": 0.0,
      "ndcg": 0.0,
      "latency_ms": 12.65095779672265
    },
    "q11": {
      "query": "What are the best places to visit in northern Spain between Bilbao, San Sebastian, and Picos da Europa?",
      "relevant_count": 3,
      "retrieved": [
        564,
        236,
        1058,
        374,
        267
      ],
      "precision": 0.2,
      "recall": 0.3333333333333333,
      "f1": 0.25,
      "ap": 0.3333333333333333,
      "rr": 1.0,
      "ndcg": 1.0,
      "latency_ms": 51.824584137648344
    },
    "q12": {
      "query": "What traditional Portuguese music did the grandmother used to sing to help children sleep?",
      "relevant_count": 3,
      "retrieved": [
        674,
        752,
        610,
        1157,
        689
      ],
      "precision": 0.0,
      "recall": 0.0,
      "f1": 0.0,
      "ap": 0.0,
      "rr": 0.0,
      "ndcg": 0.0,
      "latency_ms": 10.913582984358072
    },
    "q13": {
      "query": "What is 'Olderbrothercore' aesthetic and what does it represent?",
      "relevant_count": 3,
      "retrieved": [
        1019,
        474,
        772,
        1088,
        642
      ],
      "precision": 0.2,
      "recall": 0.3333333333333333,
      "f1": 0.25,
      "ap": 0.3333333333333333,
      "rr": 1.0,
      "ndcg": 1.0,
      "latency_ms": 10.923000052571297
    },
    "q14": {
      "query": "What are some good travel recommendations for Crete, Greece?",
      "relevant_count": 3,
      "retrieved": [
        552,
        715,
        481,
        676,
        675
      ],
      "precision": 0.0,
      "recall": 0.0,
      "f1": 0.0,
      "ap": 0.0,
      "rr": 0.0,
      "ndcg": 0.0,
      "latency_ms": 13.288499787449837
    },
    "q15": {
      "query": "What is the traditional Portuguese song 'Galandum Galundaina' about?",
      "relevant_count": 2,
      "retrieved": [
        610,
        1061,
        320,
        379,
        752
      ],
      "precision": 0.0,
      "recall": 0.0,
      "f1": 0.0,
      "ap": 0.0,
      "rr": 0.0,
      "ndcg": 0.0,
      "latency_ms": 11.273209005594254
    },
    "q16": {
      "query": "What is the menu for the dinner at S\u00e3o Braz caf\u00e9 tomorrow?",
      "relevant_count": 3,
      "retrieved": [
        251,
        267,
        385,
        384,
        931
      ],
      "precision": 0.0,
      "recall": 0.0,
      "f1": 0.0,
      "ap": 0.0,
      "rr": 0.0,
      "ndcg": 0.0,
      "latency_ms": 9.642125107347965
    },
    "q17": {
      "query": "How can I transfer bonus money from Deel platform to my personal bank account?",
      "relevant_count": 3,
      "retrieved": [
        430,
        237,
        433,
        413,
        241
      ],
      "precision": 0.4,
      "recall": 0.6666666666666666,
      "f1": 0.5,
      "ap": 0.5555555555555555,
      "rr": 1.0,
      "ndcg": 0.8154648767857288,
      "latency_ms": 8.8964169844985
    },
    "q18": {
      "query": "What is the new location of the classic restaurant in Matosinhos?",
      "relevant_count": 3,
      "retrieved": [
        498,
        251,
        385,
        776,
        803
      ],
      "precision": 0.2,
      "recall": 0.3333333333333333,
      "f1": 0.25,
      "ap": 0.3333333333333333,
      "rr": 1.0,
      "ndcg": 1.0,
      "latency_ms": 10.188874788582325
    },
    "q19": {
      "query": "What is the recipe from the book that Tiz and Ana gave?",
      "relevant_count": 3,
      "retrieved": [
        669,
        512,
        653,
        582,
        812
      ],
      "precision": 0.0,
      "recall": 0.0,
      "f1": 0.0,
      "ap": 0.0,
      "rr": 0.0,
      "ndcg": 0.0,
      "latency_ms": 8.77408403903246
    },
    "q20": {
      "query": "What are the memories from 10 years ago at Tasca da Carro\u00e7a?",
      "relevant_count": 3,