{
  "algorithm_name": "QMD-Hybrid",
  "aggregate_metrics": {
    "precision_at_5": 0.1875,
    "recall_at_5": 0.35069,
    "f1_at_5": 0.24008,
    "mrr": 0.50833,
    "map": 0.27378,
    "ndcg_at_5": 0.57782,
    "latency": {
      "p50_ms": 206.65,
      "p95_ms": 230.09,
      "p99_ms": 239.41,
      "mean_ms": 209.39,
      "min_ms": 195.4,
      "max_ms": 242.38
    },
    "queries_evaluated": 48
  }
}