{
  "algorithm_name": "TotalReclaw-v0.5",
  "aggregate_metrics": {
    "precision_at_5": 0.17083333333333336,
    "recall_at_5": 0.31597222222222215,
    "f1_at_5": 0.2177579365079365,
    "mrr": 0.4850694444444444,
    "map": 0.2564814814814815,
    "ndcg_at_5": 0.5545026767031896,
    "latency": {
      "p50_ms": 100.16006301157176,
      "p95_ms": 121.44187940284608,
      "p99_ms": 126.32446352858096,
      "mean_ms": 102.16331937893604,
      "min_ms": 90.82695795223117,
      "max_ms": 127.48550018295646
    },
    "queries_evaluated": 48
  }
}