{
  "algorithm_name": "TotalReclaw-v0.2",
  "aggregate_metrics": {
    "precision_at_5": 0.17083333333333336,
    "recall_at_5": 0.31597222222222215,
    "f1_at_5": 0.2177579365079365,
    "mrr": 0.4850694444444444,
    "map": 0.2564814814814815,
    "ndcg_at_5": 0.5545026767031896,
    "latency": {
      "p50_ms": 98.18714600987732,
      "p95_ms": 130.54550986271352,
      "p99_ms": 2681.879311767412,
      "mean_ms": 206.20801133918576,
      "min_ms": 86.76254190504551,
      "max_ms": 4926.940707955509
    },
    "queries_evaluated": 48
  }
}