{
  "algorithm_name": "TotalReclaw-v0.6",
  "aggregate_metrics": {
    "precision_at_5": 0.17916666666666667,
    "recall_at_5": 0.3333333333333333,
    "f1_at_5": 0.2289186507936508,
    "mrr": 0.5260416666666666,
    "map": 0.27586805555555555,
    "ndcg_at_5": 0.5940222687437041,
    "latency": {
      "p50_ms": 749.7473328839988,
      "p95_ms": 856.1782375210896,
      "p99_ms": 1020.6080112187193,
      "mean_ms": 768.4124470203338,
      "min_ms": 718.5501251369715,
      "max_ms": 1074.052416253835
    },
    "queries_evaluated": 48
  }
}